obs,time,deployment,conductivity,date_time_string,dcl_controller_timestamp,driver_timestamp,ingestion_timestamp,internal_timestamp,port_timestamp,preferred_timestamp,pressure,temp,practical_salinity,density,conductivity_qc_executed,conductivity_qc_results,pressure_qc_executed,pressure_qc_results,temp_qc_executed,temp_qc_results,density_qc_executed,density_qc_results,practical_salinity_qc_executed,practical_salinity_qc_results,lat,lon
0,3756327299.1,8,3.60120010376,empty,empty,3756330246.82,3756330248.97,3756327301.0,3756327299.1,port_timestamp,7.07000017166,10.4351997375,32.4856327591,1024.95289989,29,13,29,29,29,29,29,13,29,29,46.84905,-124.9775
1,3756328199.1,8,3.60103011131,empty,empty,3756330246.82,3756330248.97,3756328201.0,3756328199.1,port_timestamp,7.15399980545,10.4340000153,32.4849617757,1024.9529605,29,13,29,29,29,29,29,13,29,29,46.84905,-124.9775
2,3756329099.11,8,3.60087990761,empty,empty,3756338686.85,3756338686.86,3756329101.0,3756329099.11,port_timestamp,7.34000015259,10.4326000214,32.4846283668,1024.95377908,29,13,29,29,29,29,29,13,29,29,46.84905,-124.9775
3,3756329999.1,8,3.60056996346,empty,empty,3756338686.85,3756338686.86,3756330001.0,3756329999.1,port_timestamp,7.06300020218,10.4289999008,32.4848525918,1024.95331427,29,13,29,29,29,29,29,13,29,29,46.84905,-124.9775
4,3756330899.1,8,3.60096001625,empty,empty,3756338686.85,3756338686.86,3756330901.0,3756330899.1,port_timestamp,7.04799985886,10.4338998795,32.4843968423,1024.95205834,29,13,29,29,29,29,29,13,29,29,46.84905,-124.9775
5,3756331799.1,8,3.60114002228,empty,empty,3756338686.85,3756338686.86,3756331801.0,3756331799.1,port_timestamp,7.15100002289,10.4363002777,32.4840106601,1024.95181461,29,13,29,29,29,29,29,13,29,29,46.84905,-124.9775
6,3756332699.1,8,3.60111999512,empty,empty,3756338686.85,3756338686.86,3756332701.0,3756332699.1,port_timestamp,6.96400022507,10.4362001419,32.4839817911,1024.95096425,29,13,29,29,29,29,29,13,29,29,46.84905,-124.9775
7,3756333599.1,8,3.60119009018,empty,empty,3756338686.85,3756338686.87,3756333601.0,3756333599.1,port_timestamp,7.23600006104,10.4375,32.4834076526,1024.95152471,29,13,29,29,29,29,29,13,29,29,46.84905,-124.9775
8,3756334499.1,8,3.60156989098,empty,empty,3756338686.85,3756338686.87,3756334501.0,3756334499.1,port_timestamp,6.80999994278,10.442199707,32.4832007651,1024.94863946,29,13,29,29,29,29,29,13,29,29,46.84905,-124.9775
9,3756335399.1,8,3.60191988945,empty,empty,3756338686.85,3756338686.87,3756335401.0,3756335399.1,port_timestamp,7.18400001526,10.4463996887,32.4828006134,1024.94930284,29,13,29,29,29,29,29,13,29,29,46.84905,-124.9775
10,3756336299.1,8,3.60228991508,empty,empty,3756344956.11,3756344958.02,3756336301.0,3756336299.1,port_timestamp,7.53000020981,10.4505996704,32.4826113371,1024.9500038,29,13,29,29,29,29,29,13,29,29,46.84905,-124.9775
11,3756337199.1,8,3.60244011879,empty,empty,3756344956.11,3756344958.02,3756337201.0,3756337199.1,port_timestamp,7.55200004578,10.4525003433,32.4824117093,1024.94962412,29,13,29,29,29,29,29,13,29,29,46.84905,-124.9775
12,3756338099.09,8,3.60278010368,empty,empty,3756344956.11,3756344958.02,3756338101.0,3756338099.09,port_timestamp,7.20499992371,10.4566001892,32.4823082676,1024.94727791,29,13,29,29,29,29,29,13,29,29,46.84905,-124.9775
13,3756338999.09,8,3.60281991959,empty,empty,3756344956.11,3756344958.02,3756339001.0,3756338999.09,port_timestamp,7.49300003052,10.4568004608,32.4824030322,1024.94861876,29,13,29,29,29,29,29,13,29,29,46.84905,-124.9775
14,3756339899.09,8,3.60294008255,empty,empty,3756344956.11,3756344958.02,3756339901.0,3756339899.09,port_timestamp,7.2610001564,10.4582996368,32.4823691421,1024.94728898,29,13,29,29,29,29,29,13,29,29,46.84905,-124.9775
15,3756340799.09,8,3.60303997993,empty,empty,3756344956.11,3756344958.02,3756340801.0,3756340799.09,port_timestamp,7.25,10.4596996307,32.4821259242,1024.94681137,29,13,29,29,29,29,29,13,29,29,46.84905,-124.9775
16,3756341699.09,8,3.60295009613,empty,empty,3756344956.11,3756344958.02,3756341701.0,3756341699.09,port_timestamp,7.16200017929,10.4587001801,32.4821575007,1024.94660861,29,13,29,29,29,29,29,13,29,29,46.84905,-124.9775
17,3756342599.09,8,3.60332989693,empty,empty,3756344956.11,3756344958.02,3756342601.0,3756342599.09,port_timestamp,7.07999992371,10.4632997513,32.4818912953,1024.94524742,29,13,29,29,29,29,29,13,29,29,46.84905,-124.9775
18,3756343499.09,8,3.60309004784,empty,empty,3756351260.43,3756351262.93,3756343501.0,3756343499.09,port_timestamp,7.24399995804,10.4610004425,32.481468274,1024.94605027,29,13,29,29,29,29,29,13,29,29,46.84905,-124.9775
19,3756344399.09,8,3.60326004028,empty,empty,3756351260.43,3756351262.93,3756344401.0,3756344399.09,port_timestamp,7.09299993515,10.4632997513,32.4811861342,1024.94475666,29,13,29,29,29,29,29,13,29,29,46.84905,-124.9775
20,3756345299.09,8,3.60327005386,empty,empty,3756351260.43,3756351262.93,3756345301.0,3756345299.09,port_timestamp,7.27400016785,10.4636001587,32.4809394382,1024.94533095,29,13,29,29,29,29,29,13,29,29,46.84905,-124.9775
21,3756346199.09,8,3.60343003273,empty,empty,3756351260.43,3756351262.93,3756346201.0,3756346199.09,port_timestamp,7.22599983215,10.4652996063,32.4810488971,1024.94490993,29,13,29,29,29,29,29,13,29,29,46.84905,-124.9775
22,3756347099.09,8,3.60317993164,empty,empty,3756351260.43,3756351262.93,3756347101.0,3756347099.09,port_timestamp,7.22499990463,10.4631004333,32.4805043846,1024.94485569,29,13,29,29,29,29,29,13,29,29,46.84905,-124.9775
23,3756347999.09,8,3.60328006744,empty,empty,3756351260.43,3756351262.93,3756348001.0,3756347999.09,port_timestamp,7.46999979019,10.4644002914,32.4802402993,1024.94553531,29,13,29,29,29,29,29,13,29,29,46.84905,-124.9775
24,3756348899.09,8,3.60292005539,empty,empty,3756351260.43,3756351262.93,3756348901.0,3756348899.09,port_timestamp,7.36899995804,10.4607000351,32.4799813332,1024.94550744,29,13,29,29,29,29,29,13,29,29,46.84905,-124.9775
25,3756349799.09,8,3.60301995277,empty,empty,3756351260.43,3756351262.93,3756349801.0,3756349799.09,port_timestamp,6.88399982452,10.4619998932,32.4800317586,1024.9431343,29,13,29,29,29,29,29,13,29,29,46.84905,-124.9775
26,3756350699.09,8,3.60309004784,empty,empty,3756359698.2,3756359698.22,3756350701.0,3756350699.09,port_timestamp,7.22200012207,10.4629001617,32.4797822488,1024.94431352,29,13,29,29,29,29,29,13,29,29,46.84905,-124.9775
27,3756351599.09,8,3.60240006447,empty,empty,3756359698.2,3756359698.22,3756351601.0,3756351599.09,port_timestamp,7.40100002289,10.4552001953,32.479665342,1024.94634221,29,13,29,29,29,29,29,13,29,29,46.84905,-124.9775
28,3756352499.08,8,3.6020898819,empty,empty,3756359698.2,3756359698.22,3756352501.0,3756352499.08,port_timestamp,7.54899978638,10.4521999359,32.4791671687,1024.94713335,29,13,29,29,29,29,29,13,29,29,46.84905,-124.9775
29,3756353399.09,8,3.60154008865,empty,empty,3756359698.21,3756359698.22,3756353401.0,3756353399.09,port_timestamp,7.63500022888,10.4460000992,32.4791539762,1024.94856667,29,13,29,29,29,29,29,13,29,29,46.84905,-124.9775
30,3756354299.08,8,3.60187005997,empty,empty,3756359698.21,3756359698.22,3756354301.0,3756354299.08,port_timestamp,7.26800012589,10.4506998062,32.4784247788,1024.94554063,29,13,29,29,29,29,29,13,29,29,46.84905,-124.9775
31,3756355199.08,8,3.60269999504,empty,empty,3756359698.21,3756359698.22,3756355201.0,3756355199.08,port_timestamp,7.1139998436,10.4602003098,32.4783313434,1024.94315478,29,13,29,29,29,29,29,13,29,29,46.84905,-124.9775
32,3756356099.09,8,3.60144996643,empty,empty,3756359698.21,3756359698.22,3756356101.0,3756356099.09,port_timestamp,7.31699991226,10.4463996887,32.4780318029,1024.94618749,29,13,29,29,29,29,29,13,29,29,46.84905,-124.9775
33,3756356999.08,8,3.60156011581,empty,empty,3756359698.21,3756359698.23,3756357001.0,3756356999.08,port_timestamp,7.09299993515,10.44810009,32.4777156771,1024.9446398,29,13,29,29,29,29,29,13,29,29,46.84905,-124.9775
34,3756357899.08,8,3.60184001923,empty,empty,3756365943.72,3756365945.59,3756357901.0,3756357899.08,port_timestamp,7.09499979019,10.4518003464,32.4772187555,1024.94363192,29,13,29,29,29,29,29,13,29,29,46.84905,-124.9775
35,3756358799.09,8,3.60168004036,empty,empty,3756365943.72,3756365945.59,3756358801.0,3756358799.09,port_timestamp,7.39099979401,10.4499998093,32.4770923065,1024.9451771,29,13,29,29,29,29,29,13,29,29,46.84905,-124.9775
36,3756359699.08,8,3.60083007812,empty,empty,3756365943.72,3756365945.59,3756359701.0,3756359699.08,port_timestamp,7.3060002327,10.4408998489,32.4767313421,1024.94605995,29,13,29,29,29,29,29,13,29,29,46.84905,-124.9775
37,3756360599.08,8,3.60072994232,empty,empty,3756365943.72,3756365945.59,3756360601.0,3756360599.08,port_timestamp,6.98500013351,10.4399003983,32.476759826,1024.94480182,29,13,29,29,29,29,29,13,29,29,46.84905,-124.9775
38,3756361499.08,8,3.59993004799,empty,empty,3756365943.72,3756365945.59,3756361501.0,3756361499.08,port_timestamp,7.07600021362,10.4335002899,32.4744129302,1024.94447225,29,13,29,29,29,29,29,13,29,29,46.84905,-124.9775
39,3756362399.08,8,3.59916996956,empty,empty,3756365943.73,3756365945.59,3756362401.0,3756362399.08,port_timestamp,7.21600008011,10.4293003082,32.4704777029,1024.94275192,29,13,29,29,29,29,29,13,29,29,46.84905,-124.9775
40,3756363299.08,8,3.59895992279,empty,empty,3756365943.73,3756365945.59,3756363301.0,3756363299.08,port_timestamp,7.50099992752,10.4287996292,32.4686976673,1024.94273753,29,13,29,29,29,29,29,13,29,29,46.84905,-124.9775
41,3756364199.08,8,3.59826993942,empty,empty,3756365943.73,3756365945.6,3756364201.0,3756364199.08,port_timestamp,7.28499984741,10.4226999283,32.4673146273,1024.94172011,29,13,29,29,29,29,29,13,29,29,46.84905,-124.9775
42,3756365099.08,8,3.5981400013,empty,empty,3756380697.54,3756380698.42,3756365101.0,3756365099.08,port_timestamp,7.15199995041,10.4230003357,32.4657990709,1024.939887,29,13,29,29,29,29,29,13,29,29,46.84905,-124.9775
43,3756365999.08,8,3.59651994705,empty,empty,3756380697.54,3756380698.42,3756366001.0,3756365999.08,port_timestamp,7.21400022507,10.4072999954,32.463535672,1024.9410689,29,13,29,29,29,29,29,13,29,29,46.84905,-124.9775
44,3756366899.07,8,3.59532999992,empty,empty,3756380697.54,3756380698.42,3756366901.0,3756366899.07,port_timestamp,7.28100013733,10.3917999268,32.4654069147,1024.94545928,29,13,29,29,29,29,29,13,29,29,46.84905,-124.9775
45,3756367799.07,8,3.59660005569,empty,empty,3756380697.55,3756380698.42,3756367801.0,3756367799.07,port_timestamp,6.85500001907,10.4028997421,32.4684233591,1024.94400257,29,13,29,29,29,29,29,13,29,29,46.84905,-124.9775
46,3756368699.07,8,3.59705996513,empty,empty,3756380697.55,3756380698.42,3756368701.0,3756368699.07,port_timestamp,7.0529999733,10.4032001495,32.4726863314,1024.94816878,29,13,29,29,29,29,29,13,29,29,46.84905,-124.9775
47,3756369599.07,8,3.59699988365,empty,empty,3756380697.55,3756380698.42,3756369601.0,3756369599.07,port_timestamp,7.21299982071,10.3993997574,32.475406866,1024.95165691,29,13,29,29,29,29,29,13,29,29,46.84905,-124.9775
48,3756370499.07,8,3.59792995453,empty,empty,3756380697.55,3756380698.42,3756370501.0,3756370499.07,port_timestamp,7.28399991989,10.4089002609,32.4762271324,1024.95100482,29,13,29,29,29,29,29,13,29,29,46.84905,-124.9775
49,3756371399.07,8,3.59733009338,empty,empty,3756380697.55,3756380698.42,3756371401.0,3756371399.07,port_timestamp,6.95100021362,10.4027004242,32.4758870109,1024.95028718,29,13,29,29,29,29,29,13,29,29,46.84905,-124.9775
50,3756372299.07,8,3.59767007828,empty,empty,3756380697.55,3756380698.42,3756372301.0,3756372299.07,port_timestamp,7.23299980164,10.4063997269,32.4758719534,1024.95092198,29,13,29,29,29,29,29,13,29,29,46.84905,-124.9775
51,3756373199.07,8,3.5973200798,empty,empty,3756380697.55,3756380698.42,3756373201.0,3756373199.07,port_timestamp,7.43200016022,10.4027996063,32.4754913563,1024.95213554,29,13,29,29,29,29,29,13,29,29,46.84905,-124.9775
52,3756374099.07,8,3.59720993042,empty,empty,3756380697.55,3756380698.42,3756374101.0,3756374099.07,port_timestamp,7.19799995422,10.4013004303,32.475825039,1024.95159258,29,13,29,29,29,29,29,13,29,29,46.84905,-124.9775
53,3756374999.07,8,3.59645009041,empty,empty,3756380697.55,3756380698.42,3756375001.0,3756374999.07,port_timestamp,7.39400005341,10.3908004761,32.4774933432,1024.95555951,29,13,29,29,29,29,29,13,29,29,46.84905,-124.9775
54,3756375899.07,8,3.5967900753,empty,empty,3756380697.55,3756380698.42,3756375901.0,3756375899.07,port_timestamp,7.21099996567,10.394200325,32.4779466606,1024.95450929,29,13,29,29,29,29,29,13,29,29,46.84905,-124.9775
55,3756376799.07,8,3.5967400074,empty,empty,3756380697.55,3756380698.42,3756376801.0,3756376799.07,port_timestamp,7.20200014114,10.392999649,32.4785216284,1024.95512038,29,13,29,29,29,29,29,13,29,29,46.84905,-124.9775
56,3756377699.07,8,3.5968298912,empty,empty,3756380697.55,3756380698.42,3756377701.0,3756377699.07,port_timestamp,7.09299993515,10.3961000443,32.4767024889,1024.95268416,29,13,29,29,29,29,29,13,29,29,46.84905,-124.9775
57,3756378599.07,8,3.59772992134,empty,empty,3756380697.55,3756380698.42,3756378601.0,3756378599.07,port_timestamp,7.36600017548,10.4052000046,32.4774871358,1024.9529854,29,13,29,29,29,29,29,13,29,29,46.84905,-124.9775
58,3756379499.07,8,3.597219944,empty,empty,3756389070.95,3756389070.97,3756379501.0,3756379499.07,port_timestamp,7.06799983978,10.3977003098,32.4791966788,1024.95424368,29,13,29,29,29,29,29,13,29,29,46.84905,-124.9775
59,3756380399.07,8,3.59640002251,empty,empty,3756389070.95,3756389070.97,3756380401.0,3756380399.07,port_timestamp,7.40100002289,10.390999794,32.4768106108,1024.95502523,29,13,29,29,29,29,29,13,29,29,46.84905,-124.9775
60,3756381299.07,8,3.59703993797,empty,empty,3756389070.95,3756389070.97,3756381301.0,3756381299.07,port_timestamp,7.42500019073,10.3984003067,32.4766101619,1024.95372229,29,13,29,29,29,29,29,13,29,29,46.84905,-124.9775
61,3756382199.07,8,3.59695005417,empty,empty,3756389070.95,3756389070.97,3756382201.0,3756382199.07,port_timestamp,6.93200016022,10.3973999023,32.4768168366,1024.95182525,29,13,29,29,29,29,29,13,29,29,46.84905,-124.9775
62,3756383099.07,8,3.59787011147,empty,empty,3756389070.95,3756389070.97,3756383101.0,3756383099.07,port_timestamp,7.20200014114,10.4062004089,32.4780729963,1024.95253114,29,13,29,29,29,29,29,13,29,29,46.84905,-124.9775
63,3756383999.07,8,3.59737992287,empty,empty,3756389070.95,3756389070.97,3756384001.0,3756383999.07,port_timestamp,7.05200004578,10.3993997574,32.4792933838,1024.95395845,29,13,29,29,29,29,29,13,29,29,46.84905,-124.9775
64,3756384899.06,8,3.59552001953,empty,empty,3756389070.95,3756389070.97,3756384901.0,3756384899.06,port_timestamp,7.14200019836,10.382399559,32.4757712341,1024.95450258,29,13,29,29,29,29,29,13,29,29,46.84905,-124.9775
65,3756385799.06,8,3.59522008896,empty,empty,3756389070.95,3756389070.97,3756385801.0,3756385799.06,port_timestamp,6.96199989319,10.3844003677,32.4710510435,1024.94967104,29,13,29,29,29,29,29,13,29,29,46.84905,-124.9775
66,3756386699.07,8,3.59636998177,empty,empty,3756395351.17,3756395354.18,3756386701.0,3756386699.07,port_timestamp,7.40399980545,10.3985996246,32.469718293,1024.94822219,29,13,29,29,29,29,29,13,29,29,46.84905,-124.9775
67,3756387599.06,8,3.59696006775,empty,empty,3756395351.17,3756395354.18,3756387601.0,3756387599.06,port_timestamp,7.13100004196,10.404999733,32.4700425982,1024.94615545,29,13,29,29,29,29,29,13,29,29,46.84905,-124.9775
68,3756388499.08,8,3.59788990021,empty,empty,3756395351.17,3756395354.18,3756388501.0,3756388499.08,port_timestamp,7.33099985123,10.4149999619,32.4703540909,1024.94560446,29,13,29,29,29,29,29,13,29,29,46.84905,-124.9775
69,3756389399.06,8,3.59887003899,empty,empty,3756395351.17,3756395354.18,3756389401.0,3756389399.06,port_timestamp,7.47800016403,10.4236001968,32.4724463332,1024.9464385,29,13,29,29,29,29,29,13,29,29,46.84905,-124.9775
70,3756390299.06,8,3.59944009781,empty,empty,3756395351.17,3756395354.18,3756390301.0,3756390299.06,port_timestamp,7.24900007248,10.4286003113,32.4737969999,1024.94560677,29,13,29,29,29,29,29,13,29,29,46.84905,-124.9775
71,3756391199.06,8,3.59929990768,empty,empty,3756395351.17,3756395354.18,3756391201.0,3756391199.06,port_timestamp,7.54799985886,10.4249000549,32.4755676733,1024.94896647,29,13,29,29,29,29,29,13,29,29,46.84905,-124.9775
72,3756392099.06,8,3.59995007515,empty,empty,3756395351.17,3756395354.18,3756392101.0,3756392099.06,port_timestamp,7.26399993896,10.432100296,32.4757806684,1024.94662556,29,13,29,29,29,29,29,13,29,29,46.84905,-124.9775
73,3756392999.06,8,3.59623003006,empty,empty,3756395351.17,3756395354.2,3756393001.0,3756392999.06,port_timestamp,7.10400009155,10.4020996094,32.4653172077,1024.94284268,29,13,29,29,29,29,29,29,29,29,46.84905,-124.9775
74,3756393899.06,8,3.59546995163,empty,empty,3756401671.93,3756401673.11,3756393901.0,3756393899.06,port_timestamp,7.43300008774,10.3978996277,32.4612996118,1024.94191064,29,13,29,29,29,29,29,29,29,29,46.84905,-124.9775
75,3756394799.06,8,3.59616994858,empty,empty,3756401671.93,3756401673.11,3756394801.0,3756394799.06,port_timestamp,7.32800006866,10.4050998688,32.4619408101,1024.94071441,29,13,29,29,29,29,29,29,29,29,46.84905,-124.9775
76,3756395699.06,8,3.59599995613,empty,empty,3756401671.93,3756401673.11,3756395701.0,3756395699.06,port_timestamp,6.78200006485,10.4045000076,32.4610046452,1024.93761925,29,13,29,29,29,29,29,29,29,29,46.84905,-124.9775
77,3756396599.06,8,3.59660005569,empty,empty,3756401671.93,3756401673.11,3756396601.0,3756396599.06,port_timestamp,7.18499994278,10.4118995667,32.4602457718,1024.9375932,29,13,29,29,29,29,29,29,29,29,46.84905,-124.9775
78,3756397499.06,8,3.59524989128,empty,empty,3756401671.93,3756401673.11,3756397501.0,3756397499.06,port_timestamp,7.23999977112,10.402299881,32.4552456612,1024.93557381,29,13,29,29,29,29,29,29,29,29,46.84905,-124.9775
79,3756398399.06,8,3.59506988525,empty,empty,3756401671.93,3756401673.11,3756398401.0,3756398399.06,port_timestamp,7.29400014877,10.404800415,32.451183791,1024.93222796,29,13,29,29,29,29,29,29,29,29,46.84905,-124.9775
80,3756399299.06,8,3.59029006958,empty,empty,3756401671.93,3756401673.11,3756399301.0,3756399299.06,port_timestamp,7.35699987411,10.3751001358,32.4296867112,1024.92079149,29,13,29,29,29,29,29,29,29,29,46.84905,-124.9775
81,3756400199.06,8,3.58793997765,empty,empty,3756401671.93,3756401673.11,3756400201.0,3756400199.06,port_timestamp,7.1360001564,10.3662004471,32.4141238486,1024.90916857,29,13,29,29,29,29,29,29,29,29,46.84905,-124.9775
82,3756401099.06,8,3.58644008636,empty,empty,3756410078.19,3756410078.21,3756401101.0,3756401099.06,port_timestamp,7.29099988937,10.359000206,32.4054203813,1024.90430304,29,13,29,29,29,29,29,29,29,29,46.84905,-124.9775
83,3756401999.06,8,3.58674001694,empty,empty,3756410078.19,3756410078.21,3756402001.0,3756401999.06,port_timestamp,7.08099985123,10.3655004501,32.4027250535,1024.90015372,29,13,29,29,29,29,29,13,29,29,46.84905,-124.9775
84,3756402899.05,8,3.58675003052,empty,empty,3756410078.19,3756410078.21,3756402901.0,3756402899.05,port_timestamp,7.0640001297,10.3668003082,32.4016729175,1024.89903695,29,13,29,29,29,29,29,13,29,29,46.84905,-124.9775
85,3756403799.05,8,3.58724999428,empty,empty,3756410078.19,3756410078.21,3756403801.0,3756403799.05,port_timestamp,7.33599996567,10.376999855,32.3974834087,1024.89527526,29,13,29,29,29,29,29,13,29,29,46.84905,-124.9775
86,3756404699.05,8,3.58714008331,empty,empty,3756410078.19,3756410078.21,3756404701.0,3756404699.05,port_timestamp,7.11299991608,10.3786001205,32.3950464728,1024.89209711,29,13,29,29,29,29,29,13,29,29,46.84905,-124.9775
87,3756405599.05,8,3.58667993546,empty,empty,3756410078.19,3756410078.21,3756405601.0,3756405599.05,port_timestamp,7.34700012207,10.3743000031,32.3941603463,1024.89319184,29,13,29,29,29,29,29,13,29,29,46.84905,-124.9775
88,3756406499.05,8,3.58656001091,empty,empty,3756410078.19,3756410078.21,3756406501.0,3756406499.05,port_timestamp,7.33300018311,10.3745002747,32.3927854367,1024.89202304,29,13,29,29,29,29,29,13,29,29,46.84905,-124.9775
89,3756407399.06,8,3.58657002449,empty,empty,3756410078.19,3756410078.21,3756407401.0,3756407399.06,port_timestamp,7.08500003815,10.3759002686,32.3917440714,1024.88985354,29,13,29,29,29,29,29,13,29,29,46.84905,-124.9775
90,3756408299.05,8,3.58635997772,empty,empty,3756416365.74,3756416368.02,3756408301.0,3756408299.05,port_timestamp,7.30900001526,10.3743000031,32.3909676718,1024.89053166,29,13,29,29,29,29,29,13,29,29,46.84905,-124.9775
91,3756409199.06,8,3.58650994301,empty,empty,3756416365.74,3756416368.02,3756409201.0,3756409199.06,port_timestamp,7.40399980545,10.3761997223,32.390738577,1024.89046104,29,13,29,29,29,29,29,13,29,29,46.84905,-124.9775
92,3756410099.05,8,3.58625006676,empty,empty,3756416365.74,3756416368.02,3756410101.0,3756410099.05,port_timestamp,7.27899980545,10.3743000031,32.3898739063,1024.88954356,29,13,29,29,29,29,29,13,29,29,46.84905,-124.9775
93,3756410999.05,8,3.58626008034,empty,empty,3756416365.74,3756416368.02,3756411001.0,3756410999.05,port_timestamp,7.1890001297,10.3743000031,32.3900160713,1024.88924757,29,13,29,29,29,29,29,13,29,29,46.84905,-124.9775
94,3756411899.05,8,3.58599996567,empty,empty,3756416365.74,3756416368.02,3756411901.0,3756411899.05,port_timestamp,6.97599983215,10.3716001511,32.3899023274,1024.88865292,29,13,29,29,29,29,29,13,29,29,46.84905,-124.9775
95,3756412799.05,8,3.58593988419,empty,empty,3756416365.74,3756416368.02,3756412801.0,3756412799.05,port_timestamp,7.32100009918,10.3716001511,32.3891486112,1024.88962488,29,13,29,29,29,29,29,13,29,29,46.84905,-124.9775
96,3756413699.05,8,3.58576011658,empty,empty,3756416369.13,3756416369.14,3756413701.0,3756413699.05,port_timestamp,7.03100013733,10.370300293,32.3886282604,1024.88812837,29,13,29,29,29,29,29,13,29,29,46.84905,-124.9775
97,3756414599.05,8,3.58582997322,empty,empty,3756416369.13,3756416369.14,3756414601.0,3756414599.05,port_timestamp,7.15100002289,10.3709001541,32.3887427768,1024.88865857,29,13,29,29,29,29,29,13,29,29,46.84905,-124.9775
98,3756415499.05,8,3.5854101181,empty,empty,3756424762.06,3756424762.38,3756415501.0,3756415499.05,port_timestamp,7.08300018311,10.3659000397,32.389015647,1024.88940958,29,13,29,29,29,29,29,13,29,29,46.84905,-124.9775
99,3756416399.05,8,3.58573007584,empty,empty,3756424762.06,3756424762.38,3756416401.0,3756416399.05,port_timestamp,7.09200000763,10.3692998886,32.3891910403,1024.88901196,29,13,29,29,29,29,29,13,29,29,46.84905,-124.9775
100,3756417299.12,8,3.58534002304,empty,empty,3756424762.06,3756424762.38,3756417301.0,3756417299.12,port_timestamp,7.32700014114,10.36439991,32.3895428573,1024.89117711,29,13,29,29,29,29,29,13,29,29,46.84905,-124.9775
101,3756418199.04,8,3.58559989929,empty,empty,3756424762.06,3756424762.38,3756418201.0,3756418199.04,port_timestamp,7.132999897,10.366900444,32.390005981,1024.8902383,29,13,29,29,29,29,29,13,29,29,46.84905,-124.9775
102,3756419099.05,8,3.58553004265,empty,empty,3756424762.06,3756424762.38,3756419101.0,3756419099.05,port_timestamp,7.15799999237,10.3652000427,32.3908099411,1024.8912655,29,13,29,29,29,29,29,13,29,29,46.84905,-124.9775
103,3756419999.04,8,3.58523988724,empty,empty,3756424762.06,3756424762.39,3756420001.0,3756419999.04,port_timestamp,7.29899978638,10.3603000641,32.3922021564,1024.89381651,29,13,29,29,29,29,29,13,29,29,46.84905,-124.9775
104,3756420899.04,8,3.5853099823,empty,empty,3756424762.06,3756424762.39,3756420901.0,3756420899.04,port_timestamp,7.32299995422,10.3618001938,32.3915593441,1024.89317034,29,13,29,29,29,29,29,13,29,29,46.84905,-124.9775
105,3756421799.04,8,3.58523011208,empty,empty,3756424762.06,3756424762.39,3756421801.0,3756421799.04,port_timestamp,7.36800003052,10.3591003418,32.3931461995,1024.89506706,29,13,29,29,29,29,29,13,29,29,46.84905,-124.9775
106,3756422699.04,8,3.585750103,empty,empty,3756431068.97,3756431068.99,3756422701.0,3756422699.04,port_timestamp,7.12699985504,10.3624000549,32.395529506,1024.89527746,29,13,29,29,29,29,29,13,29,29,46.84905,-124.9775
107,3756423599.04,8,3.58701992035,empty,empty,3756431068.97,3756431068.99,3756423601.0,3756423599.04,port_timestamp,7.257999897,10.3716001511,32.4000214512,1024.89781464,29,13,29,29,29,29,29,13,29,29,46.84905,-124.9775
108,3756424499.04,8,3.59009003639,empty,empty,3756431068.97,3756431068.99,3756424501.0,3756424499.04,port_timestamp,7.21000003815,10.396900177,32.4083011863,1024.8997667,29,13,29,29,29,29,29,29,29,29,46.84905,-124.9775
109,3756425399.04,8,3.58826994896,empty,empty,3756431068.97,3756431068.99,3756425401.0,3756425399.04,port_timestamp,7.3220000267,10.3780002594,32.4068332268,1024.90232998,29,13,29,29,29,29,29,29,29,29,46.84905,-124.9775
110,3756426299.04,8,3.59516000748,empty,empty,3756431068.97,3756431068.99,3756426301.0,3756426299.04,port_timestamp,7.00199985504,10.4338998795,32.4262575958,1024.90654249,29,13,29,29,29,29,29,29,29,29,46.84905,-124.9775
111,3756427199.04,8,3.59664011002,empty,empty,3756431068.97,3756431068.99,3756427201.0,3756427199.04,port_timestamp,7.45399999619,10.4451999664,32.4308276972,1024.91022566,29,29,29,29,29,29,29,29,29,29,46.84905,-124.9775
112,3756428099.05,8,3.59540009499,empty,empty,3756431068.97,3756431068.99,3756428101.0,3756428099.05,port_timestamp,6.86999988556,10.4292001724,32.432913899,1024.91193166,29,29,29,29,29,29,29,29,29,29,46.84905,-124.9775
113,3756428999.04,8,3.59689998627,empty,empty,3756431068.97,3756431068.99,3756429001.0,3756428999.04,port_timestamp,7.23299980164,10.4430999756,32.4354025676,1024.91314922,29,29,29,29,29,29,29,29,29,29,46.84905,-124.9775
114,3756429899.04,8,3.59862995148,empty,empty,3756439491.19,3756439493.67,3756429901.0,3756429899.04,port_timestamp,7.29300022125,10.4566001892,32.4406760372,1024.91523349,29,13,29,29,29,29,29,29,29,29,46.84905,-124.9775
115,3756430799.04,8,3.59913992882,empty,empty,3756439491.19,3756439493.67,3756430801.0,3756430799.04,port_timestamp,7.0560002327,10.4573001862,32.4452648963,1024.91761945,29,13,29,29,29,29,29,29,29,29,46.84905,-124.9775
116,3756431699.04,8,3.6001598835,empty,empty,3756439491.19,3756439493.67,3756431701.0,3756431699.04,port_timestamp,7.007999897,10.4656000137,32.448106619,1024.91820415,29,13,29,29,29,29,29,29,29,29,46.84905,-124.9775
117,3756432599.04,8,3.5996799469,empty,empty,3756439491.19,3756439493.67,3756432601.0,3756432599.04,port_timestamp,7.03800010681,10.4568004608,32.4511312528,1024.92219452,29,13,29,29,29,29,29,29,29,29,46.84905,-124.9775
118,3756433499.04,8,3.60033011436,empty,empty,3756439491.19,3756439493.67,3756433501.0,3756433499.04,port_timestamp,7.19600009918,10.4607000351,32.4540995418,1024.92455764,29,13,29,29,29,29,29,29,29,29,46.84905,-124.9775
119,3756434399.04,8,3.60282993317,empty,empty,3756439491.19,3756439493.67,3756434401.0,3756434399.04,port_timestamp,7.12799978256,10.480099678,32.4618726748,1024.92700285,29,13,29,29,29,29,29,29,29,29,46.84905,-124.9775
120,3756435299.04,8,3.60457992554,empty,empty,3756439491.19,3756439493.67,3756435301.0,3756435299.04,port_timestamp,7.11899995804,10.4919996262,32.4687928495,1024.93032515,29,13,29,29,29,29,29,13,29,29,46.84905,-124.9775
121,3756436199.03,8,3.60553002357,empty,empty,3756439491.19,3756439493.67,3756436201.0,3756436199.03,port_timestamp,7.44000005722,10.5052995682,32.4663100724,1024.9275709,29,13,29,29,29,29,29,13,29,29,46.84905,-124.9775
122,3756437099.03,8,3.60579991341,empty,empty,3756445783.27,3756445783.91,3756437101.0,3756437099.03,port_timestamp,7.25500011444,10.5050001144,32.469356417,1024.92915995,29,13,29,29,29,29,29,13,29,29,46.84905,-124.9775
123,3756437999.04,8,3.60975003242,empty,empty,3756445783.27,3756445783.91,3756438001.0,3756437999.04,port_timestamp,7.21500015259,10.5399999619,32.4777000343,1024.92949786,29,13,29,29,29,29,29,13,29,29,46.84905,-124.9775
124,3756438899.03,8,3.60876989365,empty,empty,3756445783.27,3756445783.91,3756438901.0,3756438899.03,port_timestamp,7.21600008011,10.5306997299,32.4761859871,1024.92991367,29,13,29,29,29,29,29,13,29,29,46.84905,-124.9775
125,3756439799.03,8,3.60956001282,empty,empty,3756445783.27,3756445783.91,3756439801.0,3756439799.03,port_timestamp,7.19799995422,10.5373001099,32.4782135718,1024.9302831,29,13,29,29,29,29,29,13,29,29,46.84905,-124.9775
126,3756440699.03,8,3.60915994644,empty,empty,3756445783.27,3756445783.91,3756440701.0,3756440699.03,port_timestamp,7.16900014877,10.5345001221,32.4767188474,1024.92946658,29,13,29,29,29,29,29,13,29,29,46.84905,-124.9775
127,3756441599.03,8,3.60780000687,empty,empty,3756445783.27,3756445783.91,3756441601.0,3756441599.03,port_timestamp,7.17000007629,10.5214996338,32.4747008453,1024.93012164,29,13,29,29,29,29,29,13,29,29,46.84905,-124.9775
128,3756442499.03,8,3.6067700386,empty,empty,3756445783.27,3756445783.91,3756442501.0,3756442499.03,port_timestamp,7.35900020599,10.5094003677,32.4750988781,1024.93335253,29,13,29,29,29,29,29,13,29,29,46.84905,-124.9775
129,3756443399.03,8,3.60756993294,empty,empty,3756445783.27,3756445783.91,3756443401.0,3756443399.03,port_timestamp,7.10699987411,10.5184001923,32.4751892441,1024.93074728,29,13,29,29,29,29,29,13,29,29,46.84905,-124.9775
130,3756444299.03,8,3.60713005066,empty,empty,3756452077.84,3756452079.12,3756444301.0,3756444299.03,port_timestamp,7.23299980164,10.5144996643,32.4742107554,1024.93122044,29,13,29,29,29,29,29,13,29,29,46.84905,-124.9775
131,3756445199.03,8,3.60634994507,empty,empty,3756452077.84,3756452079.12,3756445201.0,3756445199.03,port_timestamp,7.28700017929,10.5059995651,32.47395807,1024.93271921,29,13,29,29,29,29,29,13,29,29,46.84905,-124.9775
132,3756446099.03,8,3.6077299118,empty,empty,3756452077.84,3756452079.12,3756446101.0,3756446099.03,port_timestamp,7.34800004959,10.518699646,32.4764219931,1024.93274507,29,13,29,29,29,29,29,13,29,29,46.84905,-124.9775
133,3756446999.03,8,3.60771989822,empty,empty,3756452077.84,3756452079.12,3756447001.0,3756446999.03,port_timestamp,7.4439997673,10.5187997818,32.4761883528,1024.93297952,29,13,29,29,29,29,29,13,29,29,46.84905,-124.9775
134,3756447899.04,8,3.6087501049,empty,empty,3756452077.84,3756452079.12,3756447901.0,3756447899.04,port_timestamp,7.04300022125,10.5276002884,32.4788249445,1024.93171831,29,13,29,29,29,29,29,13,29,29,46.84905,-124.9775
135,3756448799.03,8,3.60950994492,empty,empty,3756452077.84,3756452079.12,3756448801.0,3756448799.03,port_timestamp,7.32899999619,10.5342998505,32.4803318288,1024.93303827,29,13,29,29,29,29,29,13,29,29,46.84905,-124.9775
136,3756449699.03,8,3.60877990723,empty,empty,3756452077.84,3756452079.12,3756449701.0,3756449699.03,port_timestamp,6.9889998436,10.5229997635,32.4832478029,1024.9357068,29,13,29,29,29,29,29,13,29,29,46.84905,-124.9775
137,3756450599.03,8,3.61045002937,empty,empty,3756452077.84,3756452079.12,3756450601.0,3756450599.03,port_timestamp,7.30700016022,10.5355997086,32.488585529,1024.93914689,29,13,29,29,29,29,29,13,29,29,46.84905,-124.9775
138,3756451499.03,8,3.61033010483,empty,empty,3756460492.45,3756460493.97,3756451501.0,3756451499.03,port_timestamp,7.27099990845,10.5360002518,32.4870455783,1024.93771602,29,13,29,29,29,29,29,13,29,29,46.84905,-124.9775
139,3756452399.02,8,3.61048007011,empty,empty,3756460492.45,3756460493.97,3756452401.0,3756452399.02,port_timestamp,7.30100011826,10.5380001068,32.4867493013,1024.93727852,29,13,29,29,29,29,29,13,29,29,46.84905,-124.9775
140,3756453299.02,8,3.61013007164,empty,empty,3756460492.45,3756460493.97,3756453301.0,3756453299.02,port_timestamp,7.12099981308,10.5321998596,32.4884952226,1024.93881811,29,13,29,29,29,29,29,13,29,29,46.84905,-124.9775
141,3756454199.02,8,3.61142992973,empty,empty,3756460492.45,3756460493.97,3756454201.0,3756454199.02,port_timestamp,7.37799978256,10.5486001968,32.4867666055,1024.93582541,29,13,29,29,29,29,29,13,29,29,46.84905,-124.9775
142,3756455099.02,8,3.61257004738,empty,empty,3756460492.45,3756460493.97,3756455101.0,3756455099.02,port_timestamp,7.39300012589,10.557100296,32.4905848571,1024.93741198,29,13,29,29,29,29,29,13,29,29,46.84905,-124.9775
143,3756455999.02,8,3.61134004593,empty,empty,3756460492.45,3756460493.97,3756456001.0,3756455999.02,port_timestamp,7.15299987793,10.5462999344,32.4880135886,1024.93617461,29,13,29,29,29,29,29,13,29,29,46.84905,-124.9775
144,3756456899.02,8,3.61217999458,empty,empty,3756460492.45,3756460493.97,3756456901.0,3756456899.02,port_timestamp,7.05100011826,10.5535001755,32.4900389819,1024.93605899,29,13,29,29,29,29,29,13,29,29,46.84905,-124.9775
145,3756457799.02,8,3.6101899147,empty,empty,3756460492.45,3756460493.97,3756457801.0,3756457799.02,port_timestamp,7.28900003433,10.5320997238,32.4891114629,1024.94007408,29,13,29,29,29,29,29,13,29,29,46.84905,-124.9775
146,3756458699.02,8,3.61003994942,empty,empty,3756466793.51,3756466794.19,3756458701.0,3756458699.02,port_timestamp,7.28999996185,10.5324001312,32.4873432597,1024.93864962,29,13,29,29,29,29,29,13,29,29,46.84905,-124.9775
147,3756459599.02,8,3.61047005653,empty,empty,3756466793.51,3756466794.19,3756459601.0,3756459599.02,port_timestamp,7.3140001297,10.5356998444,32.4886954897,1024.93924704,29,13,29,29,29,29,29,13,29,29,46.84905,-124.9775
148,3756460499.02,8,3.60946989059,empty,empty,3756466793.51,3756466794.19,3756460501.0,3756460499.02,port_timestamp,7.19899988174,10.5228004456,32.4902408349,1024.9421377,29,13,29,29,29,29,29,13,29,29,46.84905,-124.9775
149,3756461399.02,8,3.6125099659,empty,empty,3756466793.51,3756466794.19,3756461401.0,3756461399.02,port_timestamp,7.10900020599,10.5530996323,32.4936708335,1024.9392189,29,13,29,29,29,29,29,13,29,29,46.84905,-124.9775
150,3756462299.02,8,3.61083006859,empty,empty,3756466793.51,3756466794.19,3756462301.0,3756462299.02,port_timestamp,7.12599992752,10.5333003998,32.4945149641,1024.94334238,29,13,29,29,29,29,29,13,29,29,46.84905,-124.9775
151,3756463199.02,8,3.61328005791,empty,empty,3756466793.51,3756466794.19,3756463201.0,3756463199.02,port_timestamp,6.97800016403,10.5581998825,32.4968813601,1024.9402548,29,13,29,29,29,29,29,13,29,29,46.84905,-124.9775
152,3756464099.01,8,3.61258006096,empty,empty,3756466793.51,3756466794.19,3756464101.0,3756464099.01,port_timestamp,7.18200016022,10.5514001846,32.4958566299,1024.94154247,29,13,29,29,29,29,29,13,29,29,46.84905,-124.9775
153,3756464999.01,8,3.61287999153,empty,empty,3756466793.51,3756466794.19,3756465001.0,3756464999.01,port_timestamp,7.28299999237,10.5537004471,32.4967606115,1024.94230883,29,13,29,29,29,29,29,13,29,29,46.84905,-124.9775
154,3756465899.01,8,3.61192011833,empty,empty,3756475190.2,3756475190.91,3756465901.0,3756465899.01,port_timestamp,7.14099979401,10.5419998169,32.4976564711,1024.94436899,29,13,29,29,29,29,29,13,29,29,46.84905,-124.9775
155,3756466799.01,8,3.61265993118,empty,empty,3756475190.2,3756475190.91,3756466801.0,3756466799.01,port_timestamp,7.54300022125,10.5486001968,32.4989955654,1024.9460976,29,13,29,29,29,29,29,13,29,29,46.84905,-124.9775
156,3756467699.01,8,3.61561989784,empty,empty,3756475190.2,3756475190.92,3756467701.0,3756467699.01,port_timestamp,7.07899999619,10.5782003403,32.5023986771,1024.94158009,29,13,29,29,29,29,29,13,29,29,46.84905,-124.9775
157,3756468599.01,8,3.61592006683,empty,empty,3756475190.2,3756475190.92,3756468601.0,3756468599.01,port_timestamp,7.0529999733,10.5797996521,32.5039845571,1024.94242371,29,13,29,29,29,29,29,13,29,29,46.84905,-124.9775
158,3756469499.01,8,3.61625003815,empty,empty,3756475190.2,3756475190.92,3756469501.0,3756469499.01,port_timestamp,7.01800012589,10.5832004547,32.5042617376,1024.94189807,29,13,29,29,29,29,29,13,29,29,46.84905,-124.9775
159,3756470399.01,8,3.61609005928,empty,empty,3756475190.2,3756475190.92,3756470401.0,3756470399.01,port_timestamp,7.28000020981,10.5798997879,32.5054942897,1024.94460756,29,13,29,29,29,29,29,13,29,29,46.84905,-124.9775
160,3756471299.01,8,3.61730003357,empty,empty,3756475190.2,3756475190.92,3756471301.0,3756471299.01,port_timestamp,6.72499990463,10.5920000076,32.5070373433,1024.94122684,29,13,29,29,29,29,29,13,29,29,46.84905,-124.9775
161,3756472199.01,8,3.61726999283,empty,empty,3756475190.2,3756475190.92,3756472201.0,3756472199.01,port_timestamp,7.0640001297,10.5911998749,32.5073038508,1024.94310241,29,13,29,29,29,29,29,13,29,29,46.84905,-124.9775
162,3756473099.01,8,3.61779999733,empty,empty,3756481477.11,3756481478.66,3756473101.0,3756473099.01,port_timestamp,7.32399988174,10.5951004028,32.5090129088,1024.9449378,29,13,29,29,29,29,29,13,29,29,46.84905,-124.9775
163,3756473999.01,8,3.61802005768,empty,empty,3756481477.11,3756481478.66,3756474001.0,3756473999.01,port_timestamp,7.38899993896,10.5965995789,32.5098437939,1024.94562101,29,13,29,29,29,29,29,13,29,29,46.84905,-124.9775
164,3756474899.01,8,3.61778998375,empty,empty,3756481477.11,3756481478.66,3756474901.0,3756474899.01,port_timestamp,7.26800012589,10.5922002792,32.5115194015,1024.94713548,29,13,29,29,29,29,29,13,29,29,46.84905,-124.9775
165,3756475799.01,8,3.61876010895,empty,empty,3756481477.11,3756481478.66,3756475801.0,3756475799.01,port_timestamp,7.27600002289,10.6024999619,32.512025642,1024.94579675,29,13,29,29,29,29,29,13,29,29,46.84905,-124.9775
166,3756476699.01,8,3.61882996559,empty,empty,3756481477.11,3756481478.66,3756476701.0,3756476699.01,port_timestamp,7.34999990463,10.6021995544,32.5129627782,1024.94691243,29,13,29,29,29,29,29,13,29,29,46.84905,-124.9775
167,3756477599.01,8,3.61878991127,empty,empty,3756481477.11,3756481478.66,3756477601.0,3756477599.01,port_timestamp,7.26999998093,10.6006002426,32.5140227127,1024.94765168,29,13,29,29,29,29,29,13,29,29,46.84905,-124.9775
168,3756478499.01,8,3.61895990372,empty,empty,3756481477.11,3756481478.66,3756478501.0,3756478499.01,port_timestamp,6.97900009155,10.6024999619,32.5141499305,1024.94611058,29,13,29,29,29,29,29,13,29,29,46.84905,-124.9775
169,3756479399.02,8,3.6190700531,empty,empty,3756481477.11,3756481478.66,3756479401.0,3756479399.02,port_timestamp,7.10900020599,10.6033000946,32.5144820587,1024.94681872,29,13,29,29,29,29,29,13,29,29,46.84905,-124.9775
170,3756480299.0,8,3.61921000481,empty,empty,3756489887.23,3756489888.27,3756480301.0,3756480299.0,port_timestamp,7.37799978256,10.6042003632,32.514962414,1024.94825264,29,13,29,29,29,29,29,13,29,29,46.84905,-124.9775
171,3756481199.0,8,3.61919999123,empty,empty,3756489887.23,3756489888.27,3756481201.0,3756481199.0,port_timestamp,7.08400011063,10.6031999588,32.5158814456,1024.94781311,29,13,29,29,29,29,29,13,29,29,46.84905,-124.9775
172,3756482099.0,8,3.6191599369,empty,empty,3756489887.23,3756489888.27,3756482101.0,3756482099.0,port_timestamp,7.29300022125,10.6014995575,32.516907474,1024.94984809,29,13,29,29,29,29,29,13,29,29,46.84905,-124.9775
173,3756482999.0,8,3.61918997765,empty,empty,3756489887.23,3756489888.27,3756483001.0,3756482999.0,port_timestamp,7.11100006104,10.6029996872,32.5159455025,1024.94801932,29,13,29,29,29,29,29,13,29,29,46.84905,-124.9775
174,3756483899.0,8,3.61866998672,empty,empty,3756489887.23,3756489888.27,3756483901.0,3756483899.0,port_timestamp,7.00199985504,10.5992002487,32.5141855028,1024.94680904,29,13,29,29,29,29,29,13,29,29,46.84905,-124.9775
175,3756484799.0,8,3.61625003815,empty,empty,3756489887.23,3756489888.27,3756484801.0,3756484799.0,port_timestamp,7.14599990845,10.5799999237,32.5070600223,1024.94520504,29,13,29,29,29,29,29,13,29,29,46.84905,-124.9775
176,3756485699.0,8,3.61489009857,empty,empty,3756489887.23,3756489888.27,3756485701.0,3756485699.0,port_timestamp,7.07700014114,10.5707998276,32.501703031,1024.94229842,29,13,29,29,29,29,29,13,29,29,46.84905,-124.9775
177,3756486599.0,8,3.61360001564,empty,empty,3756489887.23,3756489888.27,3756486601.0,3756486599.0,port_timestamp,6.73099994659,10.5600996017,32.4984938941,1024.94007016,29,13,29,29,29,29,29,13,29,29,46.84905,-124.9775
178,3756487499.0,8,3.6126999855,empty,empty,3756496183.24,3756496184.45,3756487501.0,3756487499.0,port_timestamp,7.17199993134,10.5534000397,32.4952756388,1024.94070217,29,13,29,29,29,29,29,13,29,29,46.84905,-124.9775
179,3756488399.0,8,3.61081004143,empty,empty,3756496183.24,3756496184.45,3756488401.0,3756488399.0,port_timestamp,7.07999992371,10.537899971,32.4902344695,1024.93901282,29,13,29,29,29,29,29,29,29,29,46.84905,-124.9775
180,3756489299.0,8,3.61040997505,empty,empty,3756496183.24,3756496184.45,3756489301.0,3756489299.0,port_timestamp,7.08099985123,10.5350999832,32.4887276075,1024.93832241,29,13,29,29,29,29,29,29,29,29,46.84905,-124.9775
181,3756490199.0,8,3.61016988754,empty,empty,3756496183.24,3756496184.45,3756490201.0,3756490199.0,port_timestamp,7.19899988174,10.532699585,32.4884167964,1024.9390238,29,13,29,29,29,29,29,29,29,29,46.84905,-124.9775
182,3756491099.0,8,3.60991001129,empty,empty,3756496183.24,3756496184.45,3756491101.0,3756491099.0,port_timestamp,6.7389998436,10.5303001404,32.4881513666,1024.9371499,29,13,29,29,29,29,29,29,29,29,46.84905,-124.9775
183,3756491999.0,8,3.60926008224,empty,empty,3756496183.25,3756496184.45,3756492001.0,3756491999.0,port_timestamp,7.23099994659,10.5264997482,32.484828547,1024.937433,29,13,29,29,29,29,29,29,29,29,46.84905,-124.9775
184,3756492899.0,8,3.6087501049,empty,empty,3756496183.25,3756496184.45,3756492901.0,3756492899.0,port_timestamp,7.10599994659,10.521900177,32.4838802547,1024.93691594,29,29,29,29,29,29,29,29,29,29,46.84905,-124.9775
185,3756493798.99,8,3.60826992989,empty,empty,3756496183.25,3756496184.45,3756493801.0,3756493798.99,port_timestamp,7.14099979401,10.518699646,32.481912956,1024.93608827,29,29,29,29,29,29,29,29,29,29,46.84905,-124.9775
186,3756494698.99,8,3.60607004166,empty,empty,3756502476.04,3756502477.39,3756494701.0,3756494698.99,port_timestamp,7.10300016403,10.5005998611,32.4760493549,1024.93443937,29,29,29,29,29,29,29,29,29,29,46.84905,-124.9775
187,3756495598.99,8,3.60466003418,empty,empty,3756502476.04,3756502477.39,3756495601.0,3756495598.99,port_timestamp,7.16400003433,10.4878997803,32.473232103,1024.93468673,29,29,29,29,29,29,29,29,29,29,46.84905,-124.9775
188,3756496498.99,8,3.60395002365,empty,empty,3756502476.04,3756502477.39,3756496501.0,3756496498.99,port_timestamp,7.29500007629,10.4818000793,32.4715061823,1024.93497381,29,29,29,29,29,29,29,29,29,29,46.84905,-124.9775
189,3756497398.99,8,3.60312008858,empty,empty,3756502476.04,3756502477.39,3756497401.0,3756497398.99,port_timestamp,7.12099981308,10.4748001099,32.4695101083,1024.93382559,29,29,29,29,29,29,29,29,29,29,46.84905,-124.9775
190,3756498298.99,8,3.60264992714,empty,empty,3756502476.04,3756502477.39,3756498301.0,3756498298.99,port_timestamp,7.16699981689,10.470199585,32.4688858149,1024.93433081,29,29,29,29,29,29,29,29,29,29,46.84905,-124.9775
191,3756499198.99,8,3.60209989548,empty,empty,3756502476.04,3756502477.39,3756499201.0,3756499198.99,port_timestamp,7.33300018311,10.4650001526,32.4679411589,1024.9352303,29,29,29,29,29,29,29,29,29,29,46.84905,-124.9775
